{
  "present": [
    "baseline",
    "with-sentry",
    "with-sentry-deferred",
    "with-sentry-actual",
    "with-sentry-treeshake"
  ],
  "agg": {
    "baseline": {
      "fcp": {
        "mean": 94.2602,
        "sd": 3.777712628032999,
        "n": 5
      },
      "lcp": {
        "mean": 94.2606,
        "sd": 3.7774947121074804,
        "n": 5
      },
      "speedIndex": {
        "mean": 94.4,
        "sd": 3.714835124201342,
        "n": 5
      },
      "tbt": {
        "mean": 0,
        "sd": 0,
        "n": 5
      },
      "tti": {
        "mean": 94.375,
        "sd": 3.646761782732729,
        "n": 5
      },
      "bootup": {
        "mean": 0,
        "sd": 0,
        "n": 5
      },
      "perfScore": {
        "mean": 100,
        "sd": 0,
        "n": 5
      },
      "jsBytes": {
        "mean": 89115,
        "sd": 0,
        "n": 5
      },
      "totalBytes": {
        "mean": 90925,
        "sd": 0,
        "n": 5
      }
    },
    "with-sentry": {
      "fcp": {
        "mean": 93.50739999999999,
        "sd": 1.7269838736942502,
        "n": 5
      },
      "lcp": {
        "mean": 93.5078,
        "sd": 1.726807806329352,
        "n": 5
      },
      "speedIndex": {
        "mean": 93.4,
        "sd": 2.073644135332772,
        "n": 5
      },
      "tbt": {
        "mean": 40.23019999847412,
        "sd": 6.05421016403275,
        "n": 5
      },
      "tti": {
        "mean": 331.4776,
        "sd": 6.102188647420563,
        "n": 5
      },
      "bootup": {
        "mean": 132.47680000000045,
        "sd": 6.454491707330883,
        "n": 5
      },
      "perfScore": {
        "mean": 100,
        "sd": 0,
        "n": 5
      },
      "jsBytes": {
        "mean": 162301,
        "sd": 0,
        "n": 5
      },
      "totalBytes": {
        "mean": 164733.2,
        "sd": 14.184498581197715,
        "n": 5
      }
    },
    "with-sentry-deferred": {
      "fcp": {
        "mean": 93.815,
        "sd": 2.498112687610386,
        "n": 5
      },
      "lcp": {
        "mean": 93.8152,
        "sd": 2.4985078947243684,
        "n": 5
      },
      "speedIndex": {
        "mean": 94,
        "sd": 2.5495097567963922,
        "n": 5
      },
      "tbt": {
        "mean": 8.710799999999995,
        "sd": 0.934805166866338,
        "n": 5
      },
      "tti": {
        "mean": 300.8290000015259,
        "sd": 2.324852363196061,
        "n": 5
      },
      "bootup": {
        "mean": 128.17560000000046,
        "sd": 1.6817129065330845,
        "n": 5
      },
      "perfScore": {
        "mean": 100,
        "sd": 0,
        "n": 5
      },
      "jsBytes": {
        "mean": 162315,
        "sd": 0,
        "n": 5
      },
      "totalBytes": {
        "mean": 164752.4,
        "sd": 1.3416407864998738,
        "n": 5
      }
    },
    "with-sentry-actual": {
      "fcp": {
        "mean": 100.19160000000001,
        "sd": 9.755891158679454,
        "n": 5
      },
      "lcp": {
        "mean": 100.19160000000001,
        "sd": 9.755891158679454,
        "n": 5
      },
      "speedIndex": {
        "mean": 100.4,
        "sd": 9.659192512834602,
        "n": 5
      },
      "tbt": {
        "mean": 41.7494,
        "sd": 8.67719115267146,
        "n": 5
      },
      "tti": {
        "mean": 337.71200000305174,
        "sd": 14.177673731300134,
        "n": 5
      },
      "bootup": {
        "mean": 134.52200000000047,
        "sd": 11.464488235416603,
        "n": 5
      },
      "perfScore": {
        "mean": 100,
        "sd": 0,
        "n": 5
      },
      "jsBytes": {
        "mean": 164158,
        "sd": 0,
        "n": 5
      },
      "totalBytes": {
        "mean": 166606,
        "sd": 9.591663046625438,
        "n": 5
      }
    },
    "with-sentry-treeshake": {
      "fcp": {
        "mean": 106.00040000000001,
        "sd": 14.855228971644966,
        "n": 5
      },
      "lcp": {
        "mean": 106.00040000000001,
        "sd": 14.855228971644966,
        "n": 5
      },
      "speedIndex": {
        "mean": 106.2,
        "sd": 14.68672870315238,
        "n": 5
      },
      "tbt": {
        "mean": 17.723599996948252,
        "sd": 7.073586340590626,
        "n": 5
      },
      "tti": {
        "mean": 296.5998,
        "sd": 17.915319698094397,
        "n": 5
      },
      "bootup": {
        "mean": 99.8358000000001,
        "sd": 10.76191923868603,
        "n": 5
      },
      "perfScore": {
        "mean": 100,
        "sd": 0,
        "n": 5
      },
      "jsBytes": {
        "mean": 144478,
        "sd": 0,
        "n": 5
      },
      "totalBytes": {
        "mean": 146933.2,
        "sd": 1.6431676725154984,
        "n": 5
      }
    }
  }
}